DateTime,DK,DE,CH,IT,AT,CZ
2017-01-01 00:00:00,-79.73,3486.25,-3403.37,-97.5,-2867.33,2961.68
2017-01-01 01:00:00,-109.14,4248.17,-3829.59,-105.9,-3149.98,2946.44
2017-01-01 02:00:00,-101.49,5314.56,-4131.66,-199.2,-3646.87,2764.66
2017-01-01 03:00:00,-197.96,5450.71,-4009.61,-656.0,-3345.56,2758.42
2017-01-01 04:00:00,-526.15,5695.72,-3924.43,-646.2,-3393.12,2794.18
2017-01-01 05:00:00,-742.36,5976.2,-3715.43,-583.9,-3479.01,2544.5
2017-01-01 06:00:00,-1248.94,6758.44,-3523.28,-738.3,-3818.55,2570.63
2017-01-01 07:00:00,-1369.27,6962.21,-3954.88,-568.3,-3889.85,2820.09
2017-01-01 08:00:00,-903.97,7099.19,-4100.42,-637.3,-4130.83,2673.33
2017-01-01 09:00:00,-782.89,6661.58,-4228.9,-358.9,-4045.51,2754.62
2017-01-01 10:00:00,-766.62,5977.91,-3871.89,-185.4,-4126.4,2972.4
2017-01-01 11:00:00,-324.32,4961.18,-3722.48,-84.4,-3805.12,2975.14
2017-01-01 12:00:00,225.35,4216.24,-3576.12,-93.9,-3628.11,2856.54
2017-01-01 13:00:00,590.32,3613.46,-3601.09,-96.2,-3125.47,2618.98
2017-01-01 14:00:00,594.79,3036.97,-3814.07,-198.1,-2034.51,2414.92
2017-01-01 15:00:00,596.75,1246.37,-3605.43,-239.7,-717.27,2719.28
2017-01-01 16:00:00,593.91,1664.2,-4049.63,-261.8,-652.81,2706.13
2017-01-01 17:00:00,595.27,538.0,-3692.86,-255.8,6.06,2809.33
2017-01-01 18:00:00,579.64,468.33,-3234.68,-254.1,-383.62,2824.43
2017-01-01 19:00:00,596.76,1766.22,-3531.28,-237.8,-1500.1,2906.2
2017-01-01 20:00:00,600.62,2386.0,-3553.54,-222.9,-1990.97,2780.79
2017-01-01 21:00:00,592.49,1975.56,-3448.67,-194.3,-1794.84,2869.76
2017-01-01 22:00:00,627.22,2463.75,-3665.09,-172.2,-2286.64,3032.96
2017-01-01 23:00:00,604.92,2153.25,-2592.67,-136.7,-2995.36,2966.56
2017-01-02 00:00:00,395.61,3495.36,-3096.82,-144.6,-3217.68,2568.13
2017-01-02 01:00:00,183.38,4062.49,-3157.5,-158.2,-3584.01,2653.84
2017-01-02 02:00:00,-12.41,4465.98,-3352.77,-171.3,-3707.16,2777.66
2017-01-02 03:00:00,-186.78,4865.85,-3531.25,-160.8,-3636.15,2649.13
2017-01-02 04:00:00,542.24,4413.77,-3530.69,-163.4,-3636.64,2374.72
2017-01-02 05:00:00,663.45,3809.61,-3110.84,-183.3,-3400.71,2221.79
2017-01-02 06:00:00,635.01,3034.3,-2570.86,-180.0,-2908.42,1989.97
2017-01-02 07:00:00,602.17,1999.19,-2369.46,-177.3,-2335.51,2280.91
2017-01-02 08:00:00,588.23,2217.41,-2774.58,-116.0,-2179.52,2264.46
2017-01-02 09:00:00,625.26,1398.33,-2629.55,-171.4,-1390.35,2167.71
2017-01-02 10:00:00,615.31,832.8,-2496.59,-183.5,-906.54,2138.52
2017-01-02 11:00:00,583.66,1110.68,-2434.49,-152.2,-720.66,1613.01
2017-01-02 12:00:00,595.91,392.27,-1846.42,-179.4,-567.94,1605.58
2017-01-02 13:00:00,601.6,586.56,-2391.74,-240.9,-349.47,1793.95
2017-01-02 14:00:00,590.88,1288.23,-2985.05,-245.5,-353.21,1704.65
2017-01-02 15:00:00,596.28,1813.88,-2799.38,-723.2,-408.28,1520.7
2017-01-02 16:00:00,589.59,335.4,-1600.97,-830.9,-177.06,1683.94
2017-01-02 17:00:00,594.74,1.98,-1915.94,-220.1,-355.81,1895.13
2017-01-02 18:00:00,231.56,1215.89,-2161.36,-197.0,-969.71,1880.62
2017-01-02 19:00:00,188.11,2536.38,-2463.34,-194.7,-1946.88,1880.43
2017-01-02 20:00:00,151.75,3087.31,-3196.57,-91.5,-2007.22,2056.23
2017-01-02 21:00:00,186.68,3028.11,-3512.3,-103.8,-2042.78,2444.09
2017-01-02 22:00:00,196.39,2379.79,-3123.43,-95.8,-2067.63,2710.68
2017-01-02 23:00:00,189.45,2096.84,-2919.78,-29.6,-1906.83,2569.92
2017-01-03 00:00:00,201.45,2379.59,-3139.41,-28.8,-1591.71,2178.88
2017-01-03 01:00:00,95.59,3100.5,-3324.39,-23.3,-2053.65,2205.25
2017-01-03 02:00:00,196.22,3518.62,-3761.08,-41.4,-2191.96,2279.6
2017-01-03 03:00:00,189.94,3997.8,-3616.19,-16.9,-2600.16,2045.51
2017-01-03 04:00:00,311.72,4123.23,-3250.14,15.6,-2764.83,1564.42
2017-01-03 05:00:00,261.83,3966.23,-3162.77,-32.9,-2369.39,1337.0
2017-01-03 06:00:00,263.05,3216.74,-2067.18,-55.2,-2364.7,1007.29
2017-01-03 07:00:00,77.42,2772.85,-1943.49,-108.1,-1783.86,985.18
2017-01-03 08:00:00,96.74,2487.11,-1830.94,-119.2,-1621.11,987.4
2017-01-03 09:00:00,100.42,3041.19,-1541.97,21.2,-2516.25,895.41
2017-01-03 10:00:00,246.86,2469.46,-1129.6,35.7,-2397.2,774.78
2017-01-03 11:00:00,187.78,2706.85,-1025.51,41.1,-2174.41,264.19
2017-01-03 12:00:00,182.27,2339.66,-966.02,50.4,-2094.96,488.65
2017-01-03 13:00:00,-190.75,2856.93,-1135.68,43.4,-2183.64,609.74
2017-01-03 14:00:00,-58.52,3016.91,-1203.69,47.6,-2122.67,320.37
2017-01-03 15:00:00,-207.64,3212.75,-1168.55,32.7,-2227.52,358.26
2017-01-03 16:00:00,-203.28,2695.19,-798.44,25.2,-2298.95,580.28
2017-01-03 17:00:00,-191.67,2733.98,-321.63,63.5,-2877.34,593.16
2017-01-03 18:00:00,-215.57,3012.11,-502.29,111.4,-3003.92,598.27
2017-01-03 19:00:00,-237.19,3927.04,-1151.5,177.1,-3293.2,577.75
2017-01-03 20:00:00,-892.83,4641.96,-1437.53,186.0,-3483.87,986.27
2017-01-03 21:00:00,-518.46,4767.97,-1684.85,208.8,-3695.81,922.35
2017-01-03 22:00:00,-438.16,4887.75,-1468.16,211.0,-4036.09,843.66
2017-01-03 23:00:00,-14.07,5637.23,-2137.43,201.7,-3781.05,93.62
2017-01-04 00:00:00,-93.71,6163.86,-2734.17,184.8,-3726.93,206.15
2017-01-04 01:00:00,-376.45,6902.49,-2841.57,204.2,-4053.9,165.23
2017-01-04 02:00:00,-463.78,7498.58,-3231.64,173.5,-4120.77,144.11
2017-01-04 03:00:00,-339.88,6686.0,-3213.62,182.4,-3986.63,671.73
2017-01-04 04:00:00,-534.52,6235.96,-2578.2,215.4,-4032.46,693.82
2017-01-04 05:00:00,-369.59,6971.75,-2394.72,208.0,-4526.77,111.33
2017-01-04 06:00:00,-181.72,5873.55,-1522.0,204.6,-4361.0,-13.43
2017-01-04 07:00:00,-357.14,4797.64,-1538.44,169.9,-3639.95,567.99
2017-01-04 08:00:00,81.05,4111.23,-1236.69,197.1,-3595.65,442.96
2017-01-04 09:00:00,97.77,3787.01,-1132.99,209.9,-3415.57,453.88
2017-01-04 10:00:00,102.97,3446.98,-976.08,199.3,-3332.31,559.14
2017-01-04 11:00:00,98.27,3213.84,-845.79,190.7,-3340.93,683.91
2017-01-04 12:00:00,84.7,3293.56,-930.95,166.9,-3280.72,666.51
2017-01-04 13:00:00,18.55,3788.3,-1338.65,166.4,-3278.44,643.84
2017-01-04 14:00:00,70.08,3641.83,-1619.33,173.1,-3025.21,759.53
2017-01-04 15:00:00,127.12,3808.95,-1750.99,171.9,-3269.66,912.68
2017-01-04 16:00:00,94.76,2302.57,-1542.84,-16.8,-1940.04,1102.35
2017-01-04 17:00:00,241.97,1477.42,-1005.17,45.8,-2053.76,1293.74
2017-01-04 18:00:00,283.46,1300.2,-896.78,73.5,-2112.64,1352.26
2017-01-04 19:00:00,205.94,2231.47,-1032.71,138.3,-3011.81,1468.81
2017-01-04 20:00:00,280.36,2779.0,-1628.14,147.4,-3525.19,1946.57
2017-01-04 21:00:00,199.28,2835.95,-1681.31,178.0,-3593.08,2061.16
2017-01-04 22:00:00,229.94,3510.99,-2680.57,158.0,-3811.27,2592.91
2017-01-04 23:00:00,290.97,5269.52,-4153.93,63.6,-3338.87,1868.71
2017-01-05 00:00:00,296.35,5491.42,-4563.3,18.1,-3083.26,1840.69
2017-01-05 01:00:00,372.35,4901.0,-3422.74,166.9,-3821.68,1804.17
2017-01-05 02:00:00,397.16,4959.37,-3693.26,123.5,-3708.82,1922.05
2017-01-05 03:00:00,595.36,5610.71,-4696.3,-284.6,-3187.24,1962.07
2017-01-05 04:00:00,568.33,5829.09,-4785.68,-289.2,-3339.07,2016.53
2017-01-05 05:00:00,491.75,5407.07,-4106.22,-527.7,-2628.04,1363.14
2017-01-05 06:00:00,565.56,2785.16,-2645.82,-149.1,-1873.3,1317.5
2017-01-05 07:00:00,536.7,1674.08,-2364.97,-234.5,-1069.36,1458.05
2017-01-05 08:00:00,382.83,1775.08,-1881.05,-117.4,-1561.39,1401.93
2017-01-05 09:00:00,259.92,2335.27,-1939.81,-15.4,-1941.48,1301.5
2017-01-05 10:00:00,393.47,2025.41,-1636.58,46.1,-2127.46,1299.06
2017-01-05 11:00:00,201.13,2809.92,-1976.83,62.1,-2248.98,1152.66
2017-01-05 12:00:00,-172.71,3149.74,-2115.66,50.0,-2100.31,1188.94
2017-01-05 13:00:00,387.95,2614.9,-2452.13,-16.7,-1727.43,1193.41
2017-01-05 14:00:00,172.51,2471.32,-2451.48,-88.2,-1336.32,1232.17
2017-01-05 15:00:00,-398.27,2012.14,-2341.48,-230.8,-435.54,1393.95
2017-01-05 16:00:00,-370.82,-163.7,-1385.97,-204.1,169.24,1955.35
2017-01-05 17:00:00,198.53,-978.35,-1507.8,-219.4,389.03,2117.99
2017-01-05 18:00:00,570.23,-382.04,-2047.73,-250.3,185.32,1924.52
2017-01-05 19:00:00,588.48,411.72,-3072.17,-236.9,9.04,2299.83
2017-01-05 20:00:00,586.03,1954.0,-2946.28,-78.1,-1772.75,2257.1
2017-01-05 21:00:00,829.11,2046.95,-3778.86,-102.5,-1566.14,2571.44
2017-01-05 22:00:00,490.47,2154.44,-2726.79,71.4,-2457.62,2468.1
2017-01-05 23:00:00,1906.56,685.53,-3617.77,-32.9,-1700.51,2759.09
2017-01-06 00:00:00,1959.21,1034.5,-3803.94,-15.7,-1369.47,2195.4
2017-01-06 01:00:00,1912.76,1482.31,-4398.65,-42.3,-1214.92,2260.8
2017-01-06 02:00:00,1892.27,1750.59,-4556.32,-6.9,-1354.81,2275.17
2017-01-06 03:00:00,1865.22,1784.08,-4802.54,-93.0,-1085.77,2332.01
2017-01-06 04:00:00,1666.67,2467.45,-5135.12,-170.4,-964.45,2135.85
2017-01-06 05:00:00,1424.67,2344.87,-4404.98,-155.3,-830.61,1621.35
2017-01-06 06:00:00,780.26,1386.0,-3142.79,-86.5,-488.87,1551.9
2017-01-06 07:00:00,572.75,392.76,-2858.67,-139.1,85.27,1946.99
2017-01-06 08:00:00,613.34,802.06,-3142.77,-176.3,165.64,1738.03
2017-01-06 09:00:00,508.5,1720.0,-3299.94,-164.9,-328.05,1564.39
2017-01-06 10:00:00,505.5,2326.89,-3274.91,-55.7,-1237.57,1735.79
2017-01-06 11:00:00,583.36,2625.3,-3251.98,-37.2,-1559.97,1640.49
2017-01-06 12:00:00,597.81,3304.2,-3759.24,-38.4,-1730.2,1625.83
2017-01-06 13:00:00,584.04,3731.48,-4042.44,-63.9,-1737.7,1528.52
2017-01-06 14:00:00,582.55,3508.29,-4047.48,-54.4,-1463.89,1474.93
2017-01-06 15:00:00,588.56,2667.53,-3971.92,-184.5,-543.58,1443.91
2017-01-06 16:00:00,587.8,788.73,-3438.42,-242.3,445.5,1858.69
2017-01-06 17:00:00,583.04,932.01,-2791.93,-237.4,-485.72,2000.0
2017-01-06 18:00:00,582.24,2004.59,-2591.95,-196.9,-1304.57,1506.59
2017-01-06 19:00:00,223.96,3558.94,-2639.92,63.6,-2573.62,1367.04
2017-01-06 20:00:00,189.43,3379.52,-2793.09,82.8,-2700.95,1842.29
2017-01-06 21:00:00,194.51,2986.35,-2760.22,80.0,-2787.31,2286.67
2017-01-06 22:00:00,183.24,3154.85,-2546.58,194.1,-3520.39,2534.78
2017-01-06 23:00:00,84.94,3418.99,-3148.88,202.4,-3511.87,2954.42
2017-01-07 00:00:00,92.88,3081.29,-3287.14,172.4,-3158.29,3098.86
2017-01-07 01:00:00,89.36,4054.19,-3639.2,153.1,-3224.0,2566.55
2017-01-07 02:00:00,84.34,5162.5,-4327.62,73.2,-3183.6,2191.18
2017-01-07 03:00:00,-5.99,4916.39,-4490.19,-24.0,-2502.86,2106.65
2017-01-07 04:00:00,-11.68,5058.24,-4400.84,-23.1,-2586.39,1963.77
2017-01-07 05:00:00,-13.53,5104.63,-3623.62,-8.4,-2991.16,1532.08
2017-01-07 06:00:00,-12.99,5189.9,-3714.07,18.1,-3277.53,1796.59
2017-01-07 07:00:00,-9.94,5222.61,-3617.93,-102.6,-3177.43,1685.29
2017-01-07 08:00:00,-9.59,4262.14,-3198.63,-21.5,-2802.11,1769.69
2017-01-07 09:00:00,-18.51,3624.59,-2766.49,39.3,-2668.81,1789.92
2017-01-07 10:00:00,-3.32,3391.84,-2728.55,47.7,-2514.0,1806.33
2017-01-07 11:00:00,-3.9,3491.02,-3041.78,59.2,-2069.73,1565.19
2017-01-07 12:00:00,189.93,3615.36,-3254.53,30.5,-1957.62,1376.36
2017-01-07 13:00:00,195.05,4586.93,-4105.27,30.6,-1983.24,1275.93
2017-01-07 14:00:00,190.0,5060.49,-4570.45,-40.1,-1785.58,1145.64
2017-01-07 15:00:00,194.71,5269.97,-4582.19,-346.2,-1731.73,1195.44
2017-01-07 16:00:00,284.76,2488.55,-3254.17,-650.7,-367.73,1499.29
2017-01-07 17:00:00,289.72,1964.15,-2692.85,-802.5,-450.75,1692.23
2017-01-07 18:00:00,286.48,2773.87,-2556.32,-774.2,-1156.24,1426.41
2017-01-07 19:00:00,248.74,4023.41,-3227.76,-354.0,-2049.03,1358.64
2017-01-07 20:00:00,290.11,4469.77,-4040.77,-254.7,-2083.35,1618.94
2017-01-07 21:00:00,286.28,4441.72,-4181.21,-205.8,-2325.72,1984.73
2017-01-07 22:00:00,296.29,4141.96,-3687.41,71.5,-3175.12,2352.78
2017-01-07 23:00:00,292.75,5267.57,-3893.67,169.5,-3853.65,2017.5
2017-01-08 00:00:00,586.45,5655.82,-4050.72,198.0,-4200.5,1810.95
2017-01-08 01:00:00,588.58,5997.0,-4289.38,187.1,-4077.89,1594.59
2017-01-08 02:00:00,709.81,6842.75,-4844.71,-273.1,-4108.14,1673.39
2017-01-08 03:00:00,910.35,6692.49,-4404.74,-862.9,-4072.29,1737.09
2017-01-08 04:00:00,592.52,6747.87,-4119.37,-1015.7,-4313.91,2108.59
2017-01-08 05:00:00,588.13,7344.41,-3880.21,-1396.3,-4685.38,2029.35
2017-01-08 06:00:00,585.39,7442.74,-3760.58,-1213.4,-4914.27,1860.12
2017-01-08 07:00:00,577.13,7755.83,-3710.84,-1410.5,-4580.57,1368.95
2017-01-08 08:00:00,598.59,5529.17,-3840.47,-739.4,-2861.07,1313.18
2017-01-08 09:00:00,1178.19,4035.84,-3862.51,44.6,-2723.42,1327.3
2017-01-08 10:00:00,604.14,3491.38,-3584.18,-51.5,-1896.07,1436.23
2017-01-08 11:00:00,585.96,2294.68,-2872.99,-21.8,-1433.41,1447.56
2017-01-08 12:00:00,591.36,2948.79,-3165.52,-1.5,-1784.48,1411.35
2017-01-08 13:00:00,592.41,3678.1,-3650.16,-10.8,-1995.18,1385.63
2017-01-08 14:00:00,586.67,4213.82,-3877.53,-256.1,-1866.53,1199.67
2017-01-08 15:00:00,587.78,4184.08,-3458.16,-618.8,-1602.15,907.25
2017-01-08 16:00:00,588.19,2130.48,-2891.98,-706.5,-407.07,1286.88
2017-01-08 17:00:00,584.5,1071.05,-1871.26,-1109.3,55.78,1269.23
2017-01-08 18:00:00,568.04,1290.21,-1823.43,-827.7,-512.55,1305.43
2017-01-08 19:00:00,607.79,3077.17,-2647.55,-680.5,-1515.06,1158.15
2017-01-08 20:00:00,1367.5,2508.53,-3425.69,-112.1,-2061.72,1723.48
2017-01-08 21:00:00,610.32,2130.68,-2941.82,27.6,-1853.85,2027.07
2017-01-08 22:00:00,595.23,2839.73,-3042.43,99.9,-2869.98,2377.55
2017-01-08 23:00:00,1004.61,2053.76,-3178.56,3.2,-1855.48,1972.47
2017-01-09 00:00:00,935.94,3660.24,-3913.96,-13.2,-2382.13,1713.11
2017-01-09 01:00:00,805.01,3959.9,-4352.91,-33.9,-2080.71,1702.61
2017-01-09 02:00:00,716.67,4631.84,-4670.0,-318.9,-2150.94,1791.33
2017-01-09 03:00:00,590.51,5016.74,-4474.67,-553.2,-2241.57,1662.19
2017-01-09 04:00:00,585.9,5882.59,-4207.33,-720.0,-2808.81,1267.65
2017-01-09 05:00:00,594.98,4692.59,-2235.3,-1011.2,-2772.49,731.42
2017-01-09 06:00:00,588.81,3346.71,-1104.36,-1167.7,-2065.55,402.09
2017-01-09 07:00:00,577.22,2595.65,-747.44,-1268.2,-1517.21,359.98
2017-01-09 08:00:00,299.23,2672.74,-648.77,-1278.2,-1378.81,333.81
2017-01-09 09:00:00,287.28,2519.38,-890.07,-1099.8,-1376.03,559.24
2017-01-09 10:00:00,293.4,2367.96,-1303.75,-584.2,-1252.42,479.01
2017-01-09 11:00:00,292.6,2075.97,-1244.84,-215.9,-1124.94,217.11
2017-01-09 12:00:00,194.22,2415.57,-1166.94,-551.7,-1009.8,118.65
2017-01-09 13:00:00,193.3,3454.31,-929.12,-1575.0,-997.79,-145.7
2017-01-09 14:00:00,187.08,3938.57,-552.68,-2299.8,-1171.46,-101.71
2017-01-09 15:00:00,85.53,4829.9,-218.02,-2995.8,-1348.01,-353.6
2017-01-09 16:00:00,-45.9,4829.04,234.34,-3408.4,-1244.06,-365.02
2017-01-09 17:00:00,-92.0,4650.47,73.01,-2499.4,-1760.64,-371.44
2017-01-09 18:00:00,-203.61,5348.99,-184.59,-2149.0,-2501.46,-310.33
2017-01-09 19:00:00,-217.06,6069.13,-133.06,-2289.6,-3368.63,-60.78
2017-01-09 20:00:00,-214.86,7331.45,-1429.58,-1409.8,-4456.02,178.81
2017-01-09 21:00:00,-206.64,5970.24,-1487.18,-984.4,-4440.89,1148.87
2017-01-09 22:00:00,-209.14,6026.33,-1374.13,-1577.1,-4189.59,1323.63
2017-01-09 23:00:00,-211.41,7154.44,-2014.55,-1785.6,-4379.5,1236.62
2017-01-10 00:00:00,-209.39,8452.27,-2307.92,-2111.2,-4731.53,907.77
2017-01-10 01:00:00,-193.63,8861.21,-2518.23,-2313.8,-4781.97,946.42
2017-01-10 02:00:00,-212.99,8804.24,-2664.06,-2563.6,-4428.41,1064.82
2017-01-10 03:00:00,-221.78,8760.27,-2550.97,-2523.0,-4386.01,921.49
2017-01-10 04:00:00,88.75,7984.21,-2291.65,-2302.3,-4500.79,1021.78
2017-01-10 05:00:00,179.48,7741.35,-1501.14,-2552.4,-4069.09,201.8
2017-01-10 06:00:00,224.05,6336.38,-103.59,-3032.8,-3516.9,92.86
2017-01-10 07:00:00,191.52,6268.35,381.68,-3790.0,-2949.8,-101.75
2017-01-10 08:00:00,210.57,6080.43,680.25,-3966.6,-2811.42,-193.23
2017-01-10 09:00:00,585.13,4965.13,339.18,-3607.5,-2157.16,-124.78
2017-01-10 10:00:00,603.84,4664.6,222.81,-3093.6,-2422.88,25.23
2017-01-10 11:00:00,586.41,4108.45,-241.94,-2457.2,-2168.69,172.97
2017-01-10 12:00:00,587.92,4140.34,-838.98,-2229.0,-1930.76,270.48
2017-01-10 13:00:00,588.34,4499.48,-340.08,-2925.9,-1903.34,81.5
2017-01-10 14:00:00,584.94,4176.46,185.5,-3364.9,-1680.05,98.05
2017-01-10 15:00:00,587.24,4766.22,387.31,-3749.0,-1922.19,-69.58
2017-01-10 16:00:00,592.96,4116.99,764.07,-3812.5,-1647.63,-13.89
2017-01-10 17:00:00,583.02,3602.75,812.23,-3508.1,-1521.78,31.88
2017-01-10 18:00:00,593.32,3375.05,959.3,-3429.6,-1553.84,55.77
2017-01-10 19:00:00,587.92,4876.45,645.37,-3305.0,-2929.63,124.89
2017-01-10 20:00:00,582.61,5005.56,-289.22,-2776.9,-2956.27,434.22
2017-01-10 21:00:00,596.4,4748.91,-1233.32,-2397.2,-2856.76,1141.97
2017-01-10 22:00:00,229.18,5137.14,-855.25,-2533.1,-3315.96,1337.99
2017-01-10 23:00:00,85.64,6057.17,-2188.65,-2001.1,-2918.07,965.01
2017-01-11 00:00:00,91.61,6617.11,-2197.09,-2324.8,-2937.01,750.18
2017-01-11 01:00:00,-4.3,7104.36,-2133.59,-2571.7,-3288.01,893.24
2017-01-11 02:00:00,-15.39,7309.81,-2091.68,-2977.5,-3220.6,995.36
2017-01-11 03:00:00,-110.33,7853.86,-1817.02,-3104.9,-3726.25,904.64
2017-01-11 04:00:00,-110.21,8320.77,-1414.76,-3041.7,-4375.14,621.04
2017-01-11 05:00:00,-108.92,7546.69,-1355.21,-2326.4,-3910.42,154.26
2017-01-11 06:00:00,-108.27,5597.34,-518.7,-1835.0,-3206.71,71.34
2017-01-11 07:00:00,-111.0,6915.39,19.65,-2797.4,-4169.81,143.17
2017-01-11 08:00:00,-277.59,6655.92,1.34,-2857.4,-3624.68,102.41
2017-01-11 09:00:00,-378.35,6387.79,-311.38,-2222.6,-3598.59,123.13
2017-01-11 10:00:00,-257.91,6216.37,-855.91,-1586.8,-3672.9,157.15
2017-01-11 11:00:00,-297.13,6660.73,-1759.14,-567.9,-3994.82,-41.74
2017-01-11 12:00:00,-90.12,6196.76,-1708.74,-574.4,-3707.36,-116.14
2017-01-11 13:00:00,-103.41,6674.13,-1314.65,-1355.6,-3683.69,-216.78
2017-01-11 14:00:00,-93.75,7063.32,-803.73,-2120.1,-3812.48,-233.26
2017-01-11 15:00:00,-117.38,6465.25,-67.53,-3204.2,-3390.49,314.35
2017-01-11 16:00:00,-114.57,5786.68,271.51,-3500.3,-3051.47,608.15
2017-01-11 17:00:00,-114.52,5685.8,491.54,-3339.5,-3347.88,624.56
2017-01-11 18:00:00,-115.55,5503.35,246.19,-2825.1,-3095.82,286.93
2017-01-11 19:00:00,-113.2,5552.39,-128.36,-2566.2,-3422.68,678.05
2017-01-11 20:00:00,-437.6,5965.06,-718.31,-2161.1,-3499.55,851.5
2017-01-11 21:00:00,-958.52,6181.59,-822.83,-2053.7,-3519.81,1173.27
2017-01-11 22:00:00,-608.35,6454.07,-951.05,-2070.5,-3856.39,1032.22
2017-01-11 23:00:00,-357.61,7730.14,-852.71,-2497.9,-4226.15,204.23
2017-01-12 00:00:00,-412.91,8421.23,-1226.32,-2672.2,-4220.56,110.76
2017-01-12 01:00:00,-509.15,9115.92,-1412.02,-2917.9,-4399.43,122.58
2017-01-12 02:00:00,-514.53,9110.65,-1763.87,-2787.2,-4217.34,172.29
2017-01-12 03:00:00,-491.21,8805.02,-1674.55,-2790.6,-4056.89,208.23
2017-01-12 04:00:00,-619.77,8296.94,-1254.93,-2741.9,-3897.8,217.46
2017-01-12 05:00:00,-120.44,7764.5,-956.01,-2605.3,-3922.86,-159.89
2017-01-12 06:00:00,-145.61,5837.95,-513.48,-2391.8,-3044.74,257.68
2017-01-12 07:00:00,-107.64,6011.21,156.92,-3188.9,-3224.8,353.21
2017-01-12 08:00:00,-120.98,6401.44,510.95,-3396.0,-3518.68,123.27
2017-01-12 09:00:00,-115.12,6100.01,448.64,-3077.9,-3540.22,184.59
2017-01-12 10:00:00,-103.0,6436.55,46.11,-2677.5,-3937.82,235.66
2017-01-12 11:00:00,-105.0,6315.59,-862.26,-1536.9,-4081.58,270.15
2017-01-12 12:00:00,-114.83,6580.44,-1115.14,-1668.5,-3995.99,314.02
2017-01-12 13:00:00,-109.72,7064.74,-787.31,-2618.3,-3795.78,246.37
2017-01-12 14:00:00,-118.33,6670.93,-599.79,-3467.1,-3024.48,538.77
2017-01-12 15:00:00,-111.74,6210.75,-36.28,-3890.9,-2726.82,554.99
2017-01-12 16:00:00,24.89,4943.13,-64.8,-3705.3,-1864.06,666.14
2017-01-12 17:00:00,90.45,4538.91,242.31,-3652.3,-2038.52,819.15
2017-01-12 18:00:00,93.05,4901.04,-553.01,-3019.5,-2325.28,903.7
2017-01-12 19:00:00,540.32,5473.13,-1456.05,-2434.4,-3016.36,893.36
2017-01-12 20:00:00,589.18,6117.49,-1396.88,-2675.8,-3562.42,928.43
2017-01-12 21:00:00,584.84,6049.26,-1354.96,-2398.7,-4101.49,1221.05
2017-01-12 22:00:00,567.88,5423.66,-1504.86,-2160.2,-4032.31,1705.83
2017-01-12 23:00:00,220.67,6007.86,-1771.56,-2363.5,-3918.08,1824.61
2017-01-13 00:00:00,124.96,6747.13,-2115.01,-2801.8,-3453.17,1497.89
2017-01-13 01:00:00,-551.66,6777.61,-2181.1,-2625.5,-2996.59,1577.24
2017-01-13 02:00:00,-711.14,6824.36,-2165.01,-2567.3,-3012.02,1631.11
2017-01-13 03:00:00,-1360.75,7901.36,-2115.03,-2501.1,-3228.75,1304.27
2017-01-13 04:00:00,-88.13,7285.9,-1904.86,-2723.5,-3303.76,734.35
2017-01-13 05:00:00,560.59,7645.42,-1376.23,-3395.5,-4116.01,681.73
2017-01-13 06:00:00,291.17,7178.76,-865.47,-3353.9,-3777.58,527.02
2017-01-13 07:00:00,155.82,7562.56,-415.84,-4021.6,-3987.41,706.47
2017-01-13 08:00:00,281.68,7273.11,-93.67,-4053.1,-3919.98,511.96
2017-01-13 09:00:00,277.87,7556.58,-211.52,-3772.2,-4371.96,521.23
2017-01-13 10:00:00,450.72,6758.58,-432.08,-3712.4,-3668.56,603.74
2017-01-13 11:00:00,384.61,6558.38,-980.82,-2664.3,-3797.39,499.52
2017-01-13 12:00:00,301.59,7236.66,-1177.02,-2767.3,-4087.04,493.11
2017-01-13 13:00:00,443.51,7082.95,-799.93,-3209.7,-4034.67,517.84
2017-01-13 14:00:00,178.08,6765.58,-601.01,-3451.0,-3444.81,553.16
2017-01-13 15:00:00,101.65,5777.09,-110.05,-3600.7,-2627.16,459.17
2017-01-13 16:00:00,-274.56,5655.93,-381.5,-3174.7,-2438.78,613.61
2017-01-13 17:00:00,26.73,4498.43,44.94,-2691.7,-2702.14,823.74
2017-01-13 18:00:00,-303.93,4913.31,-119.71,-2733.9,-2733.56,977.79
2017-01-13 19:00:00,-83.91,6601.34,-453.93,-3202.7,-3372.87,512.07
2017-01-13 20:00:00,159.46,5952.95,-1264.95,-2801.3,-3169.59,1123.43
2017-01-13 21:00:00,13.04,5649.29,-1363.53,-2667.8,-3300.03,1669.03
2017-01-13 22:00:00,-185.75,5247.36,-1400.81,-2469.9,-2988.24,1797.34
2017-01-13 23:00:00,-1010.29,6099.97,-2715.76,-1128.7,-3230.05,1984.83
2017-01-14 00:00:00,-2068.93,7743.65,-3314.96,-1077.7,-3016.86,1734.8
2017-01-14 01:00:00,-2007.84,8386.66,-3100.09,-1438.9,-3117.04,1277.21
2017-01-14 02:00:00,-2096.24,8597.7,-3147.36,-1529.4,-2962.91,1138.21
2017-01-14 03:00:00,-2107.99,9054.14,-2998.89,-1696.9,-3106.11,855.75
2017-01-14 04:00:00,-2076.5,9585.77,-2482.38,-1825.9,-3693.78,492.79
2017-01-14 05:00:00,-1220.81,9702.84,-2345.75,-2079.2,-4361.29,304.21
2017-01-14 06:00:00,-1816.75,9996.19,-2013.42,-2269.4,-4753.17,856.55
2017-01-14 07:00:00,-1062.37,8497.57,-2311.01,-1525.6,-4452.05,853.46
2017-01-14 08:00:00,32.07,6764.07,-1921.79,-1139.1,-4551.85,816.6
2017-01-14 09:00:00,195.01,5707.67,-2183.27,-413.3,-4374.45,1068.34
2017-01-14 10:00:00,194.7,5804.55,-2076.66,-365.6,-4510.25,953.26
2017-01-14 11:00:00,182.87,5337.19,-2402.92,198.0,-4312.27,997.13
2017-01-14 12:00:00,196.48,5684.53,-2727.87,186.2,-4328.72,989.38
2017-01-14 13:00:00,197.93,7015.68,-2975.34,-305.1,-4720.23,787.06
2017-01-14 14:00:00,199.89,6874.34,-2783.7,-638.2,-4470.64,818.31
2017-01-14 15:00:00,189.15,6385.74,-2579.73,-1266.3,-3838.27,1109.41
2017-01-14 16:00:00,175.43,4954.61,-2154.57,-950.9,-3467.59,1443.02
2017-01-14 17:00:00,108.06,3874.07,-1532.0,-683.0,-3322.24,1555.11
2017-01-14 18:00:00,147.39,4680.23,-1492.09,-847.6,-3889.6,1401.67
2017-01-14 19:00:00,-637.13,6754.08,-2055.5,-650.2,-4244.44,833.19
2017-01-14 20:00:00,-1163.19,7650.16,-2761.37,-276.4,-4506.07,1056.87
2017-01-14 21:00:00,-1097.07,6745.06,-2180.5,-227.9,-4754.58,1514.99
2017-01-14 22:00:00,-2052.07,7327.27,-2278.2,-148.0,-4473.36,1624.36
2017-01-14 23:00:00,-2093.8,7977.83,-3455.93,179.9,-4242.96,1634.96
2017-01-15 00:00:00,-2089.65,8295.23,-3528.67,188.2,-4262.0,1396.89
2017-01-15 01:00:00,-2092.61,8502.43,-3576.31,198.3,-4294.86,1263.05
2017-01-15 02:00:00,-2089.36,9180.25,-3518.98,-133.6,-4314.95,876.64
2017-01-15 03:00:00,-2098.88,9398.96,-3332.18,-841.5,-4242.38,1115.98
2017-01-15 04:00:00,-2090.74,9553.32,-3366.63,-923.0,-4323.87,1150.92
2017-01-15 05:00:00,-2096.21,9297.14,-3151.56,-1128.5,-4207.7,1286.83
2017-01-15 06:00:00,-2065.26,9118.18,-3175.2,-854.9,-4385.27,1362.45
2017-01-15 07:00:00,-847.73,7504.85,-3435.12,-250.1,-4239.6,1267.7
2017-01-15 08:00:00,295.26,5903.81,-3465.17,185.7,-4175.13,1255.53
2017-01-15 09:00:00,759.25,5231.2,-3250.61,201.4,-4117.97,1176.73
2017-01-15 10:00:00,1035.87,4362.18,-3147.81,184.0,-3719.77,1285.53
2017-01-15 11:00:00,1232.28,3750.48,-2789.38,185.4,-3688.66,1309.88
2017-01-15 12:00:00,1399.26,3514.45,-2864.06,165.9,-3510.72,1295.17
2017-01-15 13:00:00,1453.34,3865.4,-3305.92,144.3,-3478.91,1321.79
2017-01-15 14:00:00,1395.34,4447.96,-3512.61,-60.4,-3361.45,1091.16
2017-01-15 15:00:00,1158.31,5781.58,-3395.78,-727.4,-3648.13,831.42
2017-01-15 16:00:00,1251.42,4803.94,-2693.0,-1093.5,-3284.08,1015.22
2017-01-15 17:00:00,1305.99,3361.83,-2347.17,-687.5,-2713.68,1080.53
2017-01-15 18:00:00,1212.9,3687.63,-2466.11,-465.7,-2910.72,942.0
2017-01-15 19:00:00,1220.92,4182.85,-3043.02,-178.3,-3174.67,992.22
2017-01-15 20:00:00,1149.73,4215.89,-2960.78,32.7,-3716.69,1279.15
2017-01-15 21:00:00,1063.95,4120.47,-3154.88,186.9,-3956.61,1740.17
2017-01-15 22:00:00,830.38,3965.96,-3166.77,188.9,-3886.04,2067.57
2017-01-15 23:00:00,1092.38,4721.3,-4337.91,-524.3,-3253.61,2302.14
2017-01-16 00:00:00,1066.72,5471.5,-4329.21,-570.0,-3560.88,1921.87
2017-01-16 01:00:00,977.55,5852.55,-4228.01,-889.2,-3453.68,1740.79
2017-01-16 02:00:00,924.9,5751.28,-4137.14,-1468.1,-2943.17,1872.23
2017-01-16 03:00:00,924.46,5763.57,-3825.67,-1841.7,-2947.09,1926.43
2017-01-16 04:00:00,935.33,6710.64,-3614.95,-2489.9,-3493.62,1952.5
2017-01-16 05:00:00,937.45,5535.15,-3216.07,-2300.9,-1972.95,1017.32
2017-01-16 06:00:00,816.61,2080.23,-1981.0,-1295.8,-778.64,1158.6
2017-01-16 07:00:00,755.26,1782.26,-1233.59,-1808.8,-805.15,1310.02
2017-01-16 08:00:00,768.73,1966.66,-926.31,-2044.5,-928.96,1164.38
2017-01-16 09:00:00,787.53,1810.16,-1263.41,-1807.2,-716.7,1189.62
2017-01-16 10:00:00,858.4,1426.65,-1147.79,-1440.4,-931.01,1234.15
2017-01-16 11:00:00,913.82,1419.81,-1615.29,-716.5,-1108.82,1106.98
2017-01-16 12:00:00,1013.83,2015.54,-2180.24,-813.7,-1085.57,1050.14
2017-01-16 13:00:00,1033.35,2987.56,-2058.37,-1826.9,-1118.54,982.9
2017-01-16 14:00:00,1035.78,2914.45,-1480.43,-2510.2,-931.68,972.08
2017-01-16 15:00:00,1026.14,2825.94,-1368.99,-2915.6,-884.78,1317.29
2017-01-16 16:00:00,1039.38,1308.75,-707.87,-2765.9,-531.68,1657.32
2017-01-16 17:00:00,939.61,1103.47,-1606.93,-2195.5,-109.96,1869.31
2017-01-16 18:00:00,849.18,942.37,-1787.85,-1734.2,226.24,1504.26
2017-01-16 19:00:00,860.1,2699.57,-2371.44,-2098.3,21.09,888.98
2017-01-16 20:00:00,969.62,3319.54,-3155.48,-2837.5,-120.54,1824.36
2017-01-16 21:00:00,1050.17,3629.83,-2987.46,-2795.8,-1291.98,2395.24
2017-01-16 22:00:00,1061.41,3354.95,-3083.78,-2075.2,-1796.76,2539.38
2017-01-16 23:00:00,1055.7,4091.48,-4450.12,-122.9,-3204.78,2630.62
2017-01-17 00:00:00,1060.57,4548.36,-2905.77,-1908.2,-3137.27,2342.31
2017-01-17 01:00:00,1062.11,3770.69,-2673.02,-1491.5,-2879.41,2211.13
2017-01-17 02:00:00,1063.62,4374.21,-3074.94,-2133.0,-2582.81,2352.92
2017-01-17 03:00:00,1060.35,4378.06,-2765.21,-2161.2,-2767.38,2255.38
2017-01-17 04:00:00,1069.56,4655.55,-2273.3,-1948.2,-3342.06,1838.45
2017-01-17 05:00:00,1051.05,3271.39,-1417.86,-1596.8,-2437.83,1130.05
2017-01-17 06:00:00,1034.08,383.75,-1225.61,-824.4,-469.55,1101.73
2017-01-17 07:00:00,573.74,514.65,-933.31,-1625.6,-265.44,1735.96
2017-01-17 08:00:00,549.78,1226.37,-872.37,-1895.3,-421.77,1413.29
2017-01-17 09:00:00,654.86,1092.86,-870.83,-1762.4,-477.07,1362.58
2017-01-17 10:00:00,760.55,1531.75,-957.88,-1553.0,-1165.15,1383.73
2017-01-17 11:00:00,894.03,1879.59,-1652.62,-606.4,-1513.8,999.2
2017-01-17 12:00:00,1043.46,2240.07,-1973.94,-731.5,-1517.69,939.6
2017-01-17 13:00:00,1006.48,2792.47,-1331.5,-1910.3,-1674.2,1117.05
2017-01-17 14:00:00,852.7,3099.87,-725.47,-2545.1,-1685.82,1003.82
2017-01-17 15:00:00,625.74,2940.84,-802.76,-2538.5,-1337.75,1112.43
2017-01-17 16:00:00,725.01,1163.19,-752.74,-2087.2,-457.83,1409.57
2017-01-17 17:00:00,676.28,-31.06,-875.98,-903.8,-412.49,1547.05
2017-01-17 18:00:00,615.57,397.38,-1222.24,-931.6,-239.0,1379.89
2017-01-17 19:00:00,557.93,1858.4,-1568.41,-777.6,-1308.21,1237.89
2017-01-17 20:00:00,589.15,4124.37,-1976.96,-1243.4,-2540.35,1047.19
2017-01-17 21:00:00,614.53,4385.87,-1870.24,-1111.67,-3656.32,1637.83
2017-01-17 22:00:00,599.5,3673.44,-1737.11,-1090.09,-3501.25,2055.51
2017-01-17 23:00:00,648.27,4439.22,-1257.41,-2012.7,-3691.89,1874.51
2017-01-18 00:00:00,597.34,4967.74,-2402.12,-1264.2,-3556.34,1657.58
2017-01-18 01:00:00,604.94,4776.79,-2636.96,-1196.7,-3379.74,1831.67
2017-01-18 02:00:00,593.46,5349.67,-2614.85,-1962.2,-3346.64,1980.56
2017-01-18 03:00:00,591.07,5732.37,-2593.58,-2288.2,-3233.1,1791.44
2017-01-18 04:00:00,595.14,5548.55,-2017.6,-1907.5,-3689.22,1470.63
2017-01-18 05:00:00,594.84,4806.43,-1053.85,-2522.0,-3043.39,1217.97
2017-01-18 06:00:00,587.68,2457.96,-972.28,-1596.2,-1176.09,698.93
2017-01-18 07:00:00,601.91,2938.24,-1143.4,-1846.5,-1247.21,696.96
2017-01-18 08:00:00,592.34,3288.38,-955.86,-1810.3,-1766.16,651.6
2017-01-18 09:00:00,595.11,3558.63,-961.1,-1799.5,-2171.7,778.56
2017-01-18 10:00:00,595.38,3837.85,-1039.49,-2122.4,-2089.99,818.65
2017-01-18 11:00:00,589.81,3834.53,-1869.49,-888.9,-2193.81,527.86
2017-01-18 12:00:00,606.8,4263.2,-1962.64,-1143.6,-2334.85,571.09
2017-01-18 13:00:00,592.92,4817.29,-1628.66,-2240.0,-2042.95,501.4
2017-01-18 14:00:00,595.05,4724.61,-1618.96,-2426.8,-1691.43,417.53
2017-01-18 15:00:00,594.37,4739.31,-1197.73,-2899.1,-1714.59,477.74
2017-01-18 16:00:00,621.05,2943.54,-893.22,-2434.3,-1092.18,855.11
2017-01-18 17:00:00,590.77,1995.68,-871.14,-1624.9,-985.17,894.76
2017-01-18 18:00:00,590.97,2413.35,-1304.2,-970.9,-1471.44,742.22
2017-01-18 19:00:00,598.14,3701.91,-1548.45,-973.9,-2780.58,1002.88
2017-01-18 20:00:00,593.83,5125.83,-1069.73,-2269.7,-3840.31,1460.08
2017-01-18 21:00:00,593.99,5065.53,-834.39,-2147.0,-4609.07,1930.94
2017-01-18 22:00:00,617.04,4280.33,-1540.33,-1164.2,-4456.88,2264.04
2017-01-18 23:00:00,718.81,4783.84,-1419.78,-1861.0,-4491.61,2269.74
2017-01-19 00:00:00,781.5,5125.59,-1679.07,-2049.6,-4202.36,2023.94
2017-01-19 01:00:00,845.69,4794.12,-1982.83,-1666.4,-4124.39,2133.81
2017-01-19 02:00:00,857.19,5141.52,-2145.13,-1965.6,-4011.09,2123.11
2017-01-19 03:00:00,848.48,5561.61,-1989.54,-2092.5,-4221.94,1893.89
2017-01-19 04:00:00,834.39,5917.16,-1621.21,-1923.1,-4819.08,1611.84
2017-01-19 05:00:00,727.69,5964.04,-460.0,-2491.7,-4438.42,698.39
2017-01-19 06:00:00,626.04,3571.98,-852.45,-1842.8,-2074.74,571.97
2017-01-19 07:00:00,730.21,3445.34,-455.63,-2365.7,-1860.67,506.45
2017-01-19 08:00:00,748.04,3313.13,-491.62,-2055.1,-2037.4,522.95
2017-01-19 09:00:00,741.99,3670.24,-752.96,-1595.3,-2411.78,347.81
2017-01-19 10:00:00,694.64,4539.52,-1014.08,-1680.5,-3114.03,574.45
2017-01-19 11:00:00,649.29,4411.76,-1829.59,-788.4,-2848.93,405.87
2017-01-19 12:00:00,697.21,4790.18,-1736.7,-1259.3,-2951.93,460.54
2017-01-19 13:00:00,706.28,6129.06,-1270.26,-2448.6,-3330.43,213.95
2017-01-19 14:00:00,754.54,6412.43,-1421.77,-2533.4,-3351.66,139.86
2017-01-19 15:00:00,805.65,5741.39,-1234.86,-2761.4,-2631.0,80.22
2017-01-19 16:00:00,931.93,3638.27,-933.88,-2626.2,-1802.14,792.02
2017-01-19 17:00:00,971.41,1963.18,-860.75,-1764.0,-1378.72,1068.88
2017-01-19 18:00:00,1031.08,2133.64,-1331.61,-1339.9,-1470.58,977.37
2017-01-19 19:00:00,1038.9,2987.11,-1516.27,-826.4,-2472.12,788.78
2017-01-19 20:00:00,1046.48,3764.15,-1102.62,-1430.1,-3655.37,1377.46
2017-01-19 21:00:00,1045.13,4512.34,-774.86,-1648.5,-4921.85,1787.74
2017-01-19 22:00:00,1034.24,4331.21,-1334.76,-1301.6,-4755.81,2026.72
2017-01-19 23:00:00,650.48,5561.35,-1412.69,-1499.9,-4687.34,1388.1
2017-01-20 00:00:00,703.14,5914.12,-1717.77,-1272.5,-5091.3,1464.31
2017-01-20 01:00:00,739.64,5789.92,-2279.4,-836.3,-4911.01,1497.15
2017-01-20 02:00:00,732.09,6336.56,-2087.83,-1671.8,-4833.49,1524.47
2017-01-20 03:00:00,720.56,6426.87,-1891.15,-2032.2,-4837.16,1613.08
2017-01-20 04:00:00,657.34,6268.29,-1859.15,-1387.8,-5044.61,1365.93
2017-01-20 05:00:00,586.14,5490.64,-754.36,-1885.9,-4528.49,1091.97
2017-01-20 06:00:00,616.32,3308.55,-954.83,-1478.0,-2922.93,1430.89
2017-01-20 07:00:00,592.75,2759.31,-900.53,-1599.5,-1867.72,1015.69
2017-01-20 08:00:00,589.46,3537.6,-875.55,-1895.5,-1997.94,641.93
2017-01-20 09:00:00,599.09,4110.04,-565.94,-2106.5,-2693.26,656.57
2017-01-20 10:00:00,592.95,3836.4,-987.25,-1462.0,-2813.65,833.55
2017-01-20 11:00:00,594.52,4836.08,-1357.83,-1234.2,-3260.71,422.14
2017-01-20 12:00:00,596.5,5560.58,-1839.65,-1264.3,-3401.31,348.18
2017-01-20 13:00:00,597.31,6570.89,-1371.3,-2358.0,-3641.9,203.0
2017-01-20 14:00:00,596.98,6142.52,-1408.35,-2467.1,-2985.09,121.04
2017-01-20 15:00:00,598.48,6022.58,-1331.63,-2734.7,-2770.58,215.85
2017-01-20 16:00:00,599.06,4565.28,-643.66,-2957.9,-2240.09,677.31
2017-01-20 17:00:00,596.83,2690.4,-658.56,-1949.6,-1787.46,1108.39
2017-01-20 18:00:00,596.78,2547.78,-802.64,-1666.0,-1661.41,985.49
2017-01-20 19:00:00,596.2,3815.15,-1326.63,-1068.6,-3171.84,1155.72
2017-01-20 20:00:00,590.38,3881.1,-1585.95,-1000.1,-3535.94,1650.51
2017-01-20 21:00:00,594.43,4472.12,-1521.62,-1193.2,-4553.94,2202.21
2017-01-20 22:00:00,595.42,4128.71,-1534.86,-1746.2,-4093.57,2650.5
2017-01-20 23:00:00,587.87,5110.92,-1899.11,-2663.3,-4050.08,2913.7
2017-01-21 00:00:00,591.71,5479.45,-2572.05,-2046.1,-4119.44,2666.43
2017-01-21 01:00:00,593.15,5983.16,-3268.58,-1719.2,-3810.03,2221.5
2017-01-21 02:00:00,591.21,6184.37,-3339.14,-1847.2,-3687.37,2098.13
2017-01-21 03:00:00,595.69,6645.0,-3178.64,-2326.0,-3899.16,2163.11
2017-01-21 04:00:00,593.89,6356.14,-2866.46,-2133.3,-4075.8,2125.53
2017-01-21 05:00:00,593.71,6431.0,-3354.51,-1303.3,-4316.23,1949.33
2017-01-21 06:00:00,592.62,5797.72,-3298.68,-651.2,-4701.45,2260.99
2017-01-21 07:00:00,598.61,5047.44,-3168.02,-1042.3,-3519.49,2083.76
2017-01-21 08:00:00,595.88,4965.3,-2389.89,-1015.2,-3742.88,1586.79
2017-01-21 09:00:00,595.37,4794.4,-2551.22,-484.9,-3971.54,1617.89
2017-01-21 10:00:00,600.84,4858.85,-2860.96,-106.1,-4131.18,1638.55
2017-01-21 11:00:00,595.57,4591.35,-2735.97,134.3,-4326.04,1740.79
2017-01-21 12:00:00,596.07,5452.73,-3176.3,191.6,-4689.05,1624.95
2017-01-21 13:00:00,590.1,5634.21,-3582.46,153.1,-4331.83,1536.88
2017-01-21 14:00:00,591.32,5521.12,-4278.78,20.4,-3393.34,1539.28
2017-01-21 15:00:00,597.23,6049.92,-4309.22,-465.8,-3164.9,1292.77
2017-01-21 16:00:00,598.43,4133.84,-3654.05,-579.1,-1982.38,1483.26
2017-01-21 17:00:00,591.79,3427.2,-2916.32,-479.0,-2159.81,1536.14
2017-01-21 18:00:00,591.52,3249.33,-2755.7,-256.1,-2714.17,1885.12
2017-01-21 19:00:00,593.76,4349.24,-3429.63,68.5,-3144.37,1562.5
2017-01-21 20:00:00,591.04,4477.51,-3887.51,67.7,-3447.54,2198.8
2017-01-21 21:00:00,589.43,4333.87,-3946.73,97.5,-3386.1,2312.03
2017-01-21 22:00:00,602.04,3958.71,-3965.82,95.3,-3108.76,2418.53
2017-01-21 23:00:00,1113.14,3583.68,-4040.81,79.0,-3481.64,2746.63
2017-01-22 00:00:00,1116.21,4161.12,-4621.21,80.9,-3428.52,2691.5
2017-01-22 01:00:00,1095.17,3780.85,-4570.54,81.5,-2969.82,2582.84
2017-01-22 02:00:00,1092.0,3941.63,-4703.32,61.1,-2822.82,2431.41
2017-01-22 03:00:00,1105.74,3941.56,-4937.82,29.0,-2736.17,2597.69
2017-01-22 04:00:00,1143.61,3838.57,-4917.87,16.82,-2760.5,2679.37
2017-01-22 05:00:00,1166.35,4119.91,-4663.69,-188.3,-2918.39,2484.12
2017-01-22 06:00:00,1214.03,4483.17,-4742.23,-181.1,-3143.52,2369.65
2017-01-22 07:00:00,1393.77,4717.21,-4805.87,101.4,-3556.87,2150.36
2017-01-22 08:00:00,1433.1,5118.96,-4643.07,-79.4,-3715.25,1885.66
2017-01-22 09:00:00,1450.3,4623.62,-4156.45,36.3,-3999.42,2045.65
2017-01-22 10:00:00,1450.42,3683.19,-3568.54,13.6,-3784.61,2205.94
2017-01-22 11:00:00,1550.25,3224.41,-3601.49,109.0,-3568.19,2286.02
2017-01-22 12:00:00,1588.82,3732.63,-3875.33,150.7,-3866.19,2269.37
2017-01-22 13:00:00,1618.09,4338.92,-4454.94,108.1,-3733.58,2123.41
2017-01-22 14:00:00,1583.68,4364.14,-4137.04,-321.9,-3339.95,1851.07
2017-01-22 15:00:00,1512.61,5193.09,-4415.8,-783.6,-2961.61,1455.31
2017-01-22 16:00:00,1458.36,3573.98,-3928.97,-1128.3,-1801.55,1826.48
2017-01-22 17:00:00,1540.66,2257.85,-2473.4,-1435.7,-1486.58,1597.17
2017-01-22 18:00:00,1532.78,1730.21,-2469.12,-925.9,-1495.45,1627.48
2017-01-22 19:00:00,1530.36,2431.85,-2714.9,-875.1,-2246.62,1874.41
2017-01-22 20:00:00,1543.91,2247.85,-3050.67,-614.1,-2415.37,2288.38
2017-01-22 21:00:00,1497.0,2129.72,-3026.88,-665.8,-2398.59,2464.55
2017-01-22 22:00:00,1501.1,1637.58,-3376.97,85.0,-2260.6,2413.89
2017-01-22 23:00:00,1621.03,1916.29,-3747.52,93.7,-2334.29,2450.79
2017-01-23 00:00:00,1576.82,2144.83,-4066.31,83.0,-2201.65,2463.31
2017-01-23 01:00:00,1489.79,2703.77,-4190.13,117.9,-2558.62,2437.29
2017-01-23 02:00:00,1421.05,2956.06,-4140.61,115.4,-2546.99,2195.09
2017-01-23 03:00:00,1305.14,3497.58,-4228.82,92.4,-2799.42,2133.12
2017-01-23 04:00:00,1207.79,3834.07,-4641.45,57.7,-2677.18,2219.07
2017-01-23 05:00:00,1031.35,2738.92,-3555.13,-640.8,-769.58,1195.24
2017-01-23 06:00:00,828.08,1095.68,-1906.24,-130.1,-840.79,953.37
2017-01-23 07:00:00,747.8,1578.08,-1787.12,-456.4,-992.78,910.42
2017-01-23 08:00:00,630.66,2151.22,-1656.53,-1051.0,-980.43,906.08
2017-01-23 09:00:00,592.85,2518.95,-1434.81,-1150.7,-1321.95,795.66
2017-01-23 10:00:00,588.77,2242.99,-1347.53,-1097.7,-1277.18,890.65
2017-01-23 11:00:00,592.01,1785.41,-1559.07,-229.9,-1354.87,766.42
2017-01-23 12:00:00,592.07,2065.02,-1742.37,-281.2,-1339.28,705.76
2017-01-23 13:00:00,597.16,2764.88,-1730.54,-913.8,-1367.62,649.92
2017-01-23 14:00:00,589.52,2847.93,-1145.83,-1408.0,-1446.51,562.89
2017-01-23 15:00:00,596.7,1748.22,-802.73,-697.2,-1777.09,932.1
2017-01-23 16:00:00,600.02,980.52,-691.19,-619.3,-1418.85,1148.8
2017-01-23 17:00:00,594.58,197.2,-793.53,-308.92,-1031.09,1341.76
2017-01-23 18:00:00,593.97,93.37,-600.91,-39.5,-1272.2,1225.27
2017-01-23 19:00:00,591.03,1067.85,-1141.48,-75.5,-1687.23,1245.33
2017-01-23 20:00:00,589.28,2067.92,-2334.39,-59.9,-1868.36,1605.45
2017-01-23 21:00:00,605.17,2468.83,-2484.14,-171.2,-2573.88,2155.22
2017-01-23 22:00:00,753.51,2792.89,-2311.81,-86.5,-3697.42,2549.33
2017-01-23 23:00:00,1617.24,1615.76,-2460.39,-378.1,-2681.38,2286.87
2017-01-24 00:00:00,1745.74,2221.63,-2624.74,-197.3,-3193.93,2048.6
2017-01-24 01:00:00,1762.15,2723.95,-2913.99,-659.1,-3039.01,2126.0
2017-01-24 02:00:00,1756.87,3652.85,-2468.07,-1317.8,-3843.87,2220.02
2017-01-24 03:00:00,1712.66,3218.27,-2436.72,-1587.6,-3000.46,2093.85
2017-01-24 04:00:00,1683.39,2982.51,-2393.34,-1510.1,-2747.84,1985.38
2017-01-24 05:00:00,1520.5,2533.68,-1826.47,-1094.7,-2342.28,1209.27
2017-01-24 06:00:00,1322.07,-533.52,-1345.34,-155.0,-1027.65,1739.44
2017-01-24 07:00:00,1419.31,-828.79,-1507.17,-238.96,-611.1,1766.71
2017-01-24 08:00:00,1392.48,-559.78,-1757.53,-218.0,-546.87,1689.7
2017-01-24 09:00:00,1355.44,-116.42,-1577.22,-230.14,-765.49,1333.83
2017-01-24 10:00:00,1320.07,-897.47,-537.05,-130.7,-992.7,1237.85
2017-01-24 11:00:00,1257.05,-1450.76,125.87,-28.6,-946.32,1042.76
2017-01-24 12:00:00,1142.23,-657.09,-253.61,-78.7,-987.8,834.97
2017-01-24 13:00:00,1044.84,-258.71,-357.54,-129.1,-1134.78,835.29
2017-01-24 14:00:00,942.11,-137.9,71.78,-556.0,-1063.19,743.2
2017-01-24 15:00:00,884.91,-122.75,309.35,-661.3,-1180.59,770.38
2017-01-24 16:00:00,1010.79,-1133.18,323.37,-1114.4,-546.13,1459.55
2017-01-24 17:00:00,988.98,-1833.72,-275.17,-498.8,-141.59,1760.3
2017-01-24 18:00:00,910.17,-2004.82,-349.8,-210.5,-43.19,1698.14
2017-01-24 19:00:00,713.82,-578.91,-10.27,-85.8,-1376.46,1337.62
2017-01-24 20:00:00,690.99,-81.76,-475.06,-201.3,-1790.64,1857.77
2017-01-24 21:00:00,645.78,106.53,-414.09,-118.5,-2542.17,2322.45
2017-01-24 22:00:00,735.03,-466.25,-349.29,-461.6,-2216.08,2758.19
2017-01-24 23:00:00,1304.38,525.68,209.4,-749.2,-3571.8,2281.54
2017-01-25 00:00:00,1248.29,996.63,-482.73,-242.5,-3620.14,2100.45
2017-01-25 01:00:00,1191.85,1013.79,-639.77,-293.0,-3410.36,2137.49
2017-01-25 02:00:00,1184.56,1322.42,-340.73,-919.6,-3292.31,2045.66
2017-01-25 03:00:00,1224.04,1206.26,-315.86,-1126.0,-3085.53,2097.09
2017-01-25 04:00:00,1200.98,2598.93,-1546.33,-859.4,-3340.76,1946.58
2017-01-25 05:00:00,1048.61,3200.87,-1963.54,-1534.4,-2212.72,1461.18
2017-01-25 06:00:00,972.06,619.04,-1981.93,-646.4,-400.61,1437.84
2017-01-25 07:00:00,1037.88,34.42,-1640.29,-743.8,-271.54,1583.33
2017-01-25 08:00:00,1017.0,1112.9,-1774.03,-837.5,-697.69,1179.32
2017-01-25 09:00:00,970.55,1047.45,-1699.05,-507.3,-978.57,1166.92
2017-01-25 10:00:00,880.96,609.86,-1479.68,-171.3,-1213.62,1373.78
2017-01-25 11:00:00,856.59,1051.84,-1177.83,-88.8,-1349.21,707.41
2017-01-25 12:00:00,884.94,1648.06,-1782.57,-122.4,-1345.5,717.47
2017-01-25 13:00:00,924.16,2184.38,-2120.8,-280.9,-1388.47,681.63
2017-01-25 14:00:00,990.71,2381.58,-1672.86,-919.9,-1377.76,598.23
2017-01-25 15:00:00,1027.55,2069.66,-1528.38,-877.9,-1298.71,607.78
2017-01-25 16:00:00,1234.63,1161.35,-1088.83,-1189.2,-969.37,851.42
2017-01-25 17:00:00,1208.29,-50.89,-1577.36,-268.3,-518.74,1207.0
2017-01-25 18:00:00,1115.21,200.82,-1476.07,-217.3,-524.22,901.56
2017-01-25 19:00:00,931.83,1746.01,-1882.78,-64.1,-1838.66,1107.7
2017-01-25 20:00:00,894.87,2800.25,-2218.83,-184.6,-2864.72,1573.03
2017-01-25 21:00:00,881.96,3384.98,-1885.97,-515.7,-3915.49,2050.22
2017-01-25 22:00:00,917.46,3018.32,-1813.73,-589.5,-4037.35,2504.8
2017-01-25 23:00:00,916.59,3559.01,-1633.19,-532.1,-4425.12,2114.81
2017-01-26 00:00:00,866.12,3483.37,-2146.36,195.2,-4164.38,1766.05
2017-01-26 01:00:00,759.71,3844.31,-2409.1,188.3,-4198.43,1815.21
2017-01-26 02:00:00,612.34,4602.91,-2520.31,-488.1,-4098.18,1891.34
2017-01-26 03:00:00,575.76,4704.46,-2248.37,-824.8,-4172.54,1965.49
2017-01-26 04:00:00,592.59,4731.17,-2224.26,-321.9,-4559.74,1782.14
2017-01-26 05:00:00,592.91,5083.83,-1797.69,-384.0,-4731.97,1236.92
2017-01-26 06:00:00,425.96,4283.72,-1564.03,-203.4,-3598.35,656.1
2017-01-26 07:00:00,578.37,3452.36,-1533.57,135.4,-3520.21,887.65
2017-01-26 08:00:00,581.74,4072.47,-1726.95,105.6,-3738.13,705.27
2017-01-26 09:00:00,586.1,4640.99,-1530.26,121.0,-4292.19,474.36
2017-01-26 10:00:00,526.01,5331.54,-1888.17,111.8,-4722.65,641.47
2017-01-26 11:00:00,337.61,5117.76,-1551.14,121.1,-4889.09,863.76
2017-01-26 12:00:00,354.24,5290.18,-1820.96,116.4,-4773.8,833.94
2017-01-26 13:00:00,435.76,5815.05,-2324.28,-15.4,-4596.28,685.15
2017-01-26 14:00:00,441.83,6156.82,-2263.45,-322.3,-4566.69,553.79
2017-01-26 15:00:00,570.88,5896.99,-1525.66,-775.9,-4548.21,381.9
2017-01-26 16:00:00,484.73,4936.8,-1161.83,-570.1,-4131.23,441.63
2017-01-26 17:00:00,486.25,4295.09,-998.27,-374.3,-4000.21,591.44
2017-01-26 18:00:00,499.96,4671.28,-1209.87,136.1,-4503.33,405.86
2017-01-26 19:00:00,508.29,4631.62,-1427.06,118.0,-4291.49,460.64
2017-01-26 20:00:00,613.16,3823.37,-1949.93,115.9,-3847.5,1245.0
2017-01-26 21:00:00,593.18,3964.61,-2127.92,113.7,-3858.81,1315.24
2017-01-26 22:00:00,596.48,3075.81,-2162.24,103.7,-3239.08,1625.33
2017-01-26 23:00:00,589.17,4194.76,-1783.26,-1448.8,-3108.18,1556.31
2017-01-27 00:00:00,593.78,4766.68,-3048.28,-552.9,-3160.04,1400.76
2017-01-27 01:00:00,599.77,5285.44,-3223.86,-312.7,-3396.84,1048.19
2017-01-27 02:00:00,617.26,5741.07,-3011.39,-808.8,-3671.91,1133.77
2017-01-27 03:00:00,585.49,6034.88,-2814.14,-1187.3,-3767.29,1148.36
2017-01-27 04:00:00,595.56,5797.31,-2582.48,-972.4,-4077.06,1239.07
2017-01-27 05:00:00,578.43,5934.64,-2373.65,-877.8,-3811.44,549.82
2017-01-27 06:00:00,595.71,4948.69,-1436.04,-734.3,-3818.89,444.83
2017-01-27 07:00:00,567.59,5060.18,-1154.93,-959.1,-3974.92,461.18
2017-01-27 08:00:00,259.09,5632.92,-1243.96,-1131.4,-4088.08,571.43
2017-01-27 09:00:00,82.88,5823.84,-1620.92,-815.9,-4066.81,596.91
2017-01-27 10:00:00,181.82,5422.6,-2105.14,-367.1,-3854.26,722.08
2017-01-27 11:00:00,153.04,5764.53,-2453.12,101.7,-4009.6,443.45
2017-01-27 12:00:00,186.25,6291.39,-3173.78,97.5,-3846.31,444.95
2017-01-27 13:00:00,131.54,6703.44,-2761.67,-564.4,-3767.64,258.73
2017-01-27 14:00:00,243.04,6750.63,-2628.63,-816.2,-3835.9,287.06
2017-01-27 15:00:00,378.73,6326.15,-2066.92,-1559.7,-3535.58,457.32
2017-01-27 16:00:00,597.39,5070.92,-1091.34,-2400.1,-2877.03,700.16
2017-01-27 17:00:00,588.41,4573.13,-958.77,-2272.3,-2797.26,866.79
2017-01-27 18:00:00,579.04,4981.69,-1002.13,-1900.3,-3411.9,753.6
2017-01-27 19:00:00,591.25,5296.45,-1388.49,-1589.2,-3542.55,632.54
2017-01-27 20:00:00,589.05,5175.11,-2687.93,-963.1,-3338.87,1225.74
2017-01-27 21:00:00,292.21,5063.88,-2572.9,-1057.0,-3373.14,1646.95
2017-01-27 22:00:00,246.86,5090.87,-2840.62,-1430.5,-3163.06,2096.45
2017-01-27 23:00:00,585.96,5935.14,-3442.97,-1862.4,-3176.85,1961.12
2017-01-28 00:00:00,591.76,6332.25,-4075.2,-1847.0,-3075.67,2073.86
2017-01-28 01:00:00,594.33,6805.43,-3874.18,-1562.0,-3780.89,1817.31
2017-01-28 02:00:00,595.08,7421.13,-4238.73,-2544.1,-2858.54,1625.16
2017-01-28 03:00:00,592.47,7232.53,-4005.53,-2529.7,-2823.01,1533.24
2017-01-28 04:00:00,591.06,7576.36,-4080.22,-2582.4,-2958.08,1453.28
2017-01-28 05:00:00,596.52,8310.54,-4148.45,-2641.4,-3292.26,1175.05
2017-01-28 06:00:00,587.6,8418.92,-3881.54,-2734.7,-3405.47,1015.19
2017-01-28 07:00:00,590.66,8837.06,-3685.78,-2977.7,-3451.44,687.2
2017-01-28 08:00:00,587.93,8587.47,-3750.93,-2866.7,-3578.7,1020.93
2017-01-28 09:00:00,587.09,7903.87,-3449.26,-2516.6,-3501.0,975.9
2017-01-28 10:00:00,588.43,7882.74,-3717.95,-2071.5,-4019.14,1337.42
2017-01-28 11:00:00,588.76,7565.35,-4165.04,-1241.6,-3857.93,1110.46
2017-01-28 12:00:00,592.51,7501.99,-4454.25,-1122.7,-3664.6,1147.05
2017-01-28 13:00:00,589.08,8262.15,-4720.03,-1711.7,-3683.09,1263.59
2017-01-28 14:00:00,591.42,7968.85,-4391.56,-2071.8,-3391.93,1295.02
2017-01-28 15:00:00,587.87,6920.51,-4198.5,-1961.6,-2801.1,1452.82
2017-01-28 16:00:00,586.0,6173.51,-3788.96,-2528.7,-1966.23,1524.38
2017-01-28 17:00:00,589.69,5319.78,-2374.68,-2878.6,-2205.76,1549.57
2017-01-28 18:00:00,590.4,5153.31,-2183.26,-2542.5,-2855.22,1837.27
2017-01-28 19:00:00,591.97,5789.96,-2772.27,-2081.4,-2982.56,1454.3
2017-01-28 20:00:00,581.77,5815.01,-3595.54,-1631.5,-2760.51,1590.77
2017-01-28 21:00:00,589.83,5239.58,-4177.96,-532.4,-2933.33,1814.28
2017-01-28 22:00:00,596.06,4860.42,-4005.1,-269.4,-3336.26,2154.28
2017-01-28 23:00:00,582.31,5501.22,-4076.63,-791.7,-3309.31,2094.11
2017-01-29 00:00:00,531.63,5895.72,-3887.36,-555.4,-4148.84,2164.25
2017-01-29 01:00:00,521.66,6605.59,-4015.33,-585.4,-4475.39,1948.87
2017-01-29 02:00:00,536.57,8036.77,-3866.96,-1821.0,-4636.52,1751.14
2017-01-29 03:00:00,584.91,8513.38,-3809.61,-2640.7,-4344.38,1696.4
2017-01-29 04:00:00,596.35,8661.56,-3652.72,-2524.7,-4571.62,1491.13
2017-01-29 05:00:00,598.84,9158.56,-3502.07,-2736.1,-4524.32,1005.09
2017-01-29 06:00:00,603.33,8977.02,-3602.67,-2783.4,-4134.71,940.43
2017-01-29 07:00:00,596.69,8086.46,-3625.58,-1493.3,-4380.8,816.53
2017-01-29 08:00:00,587.51,8075.99,-3628.53,-1152.4,-4578.78,696.21
2017-01-29 09:00:00,583.11,7893.57,-3423.93,-778.7,-4673.24,399.19
2017-01-29 10:00:00,201.61,8196.05,-3472.48,-651.7,-4864.22,590.74
2017-01-29 11:00:00,-217.53,8445.29,-3581.75,-295.5,-4765.07,414.56
2017-01-29 12:00:00,171.3,7838.49,-3908.82,135.9,-4581.13,344.26
2017-01-29 13:00:00,280.41,8374.8,-3907.04,-735.7,-4503.13,490.66
2017-01-29 14:00:00,299.77,9093.54,-3681.0,-1658.4,-4382.71,328.8
2017-01-29 15:00:00,591.4,7551.61,-3597.5,-1442.6,-3985.57,882.66
2017-01-29 16:00:00,598.5,6934.09,-3586.28,-1926.2,-3231.45,1211.34
2017-01-29 17:00:00,592.44,6151.45,-3236.83,-2533.7,-2139.24,1165.88
2017-01-29 18:00:00,594.27,6152.77,-2806.3,-2380.8,-2805.03,1245.09
2017-01-29 19:00:00,593.18,6859.98,-3002.05,-1948.3,-3733.98,1231.17
2017-01-29 20:00:00,600.69,6608.68,-3291.14,-1724.2,-3482.6,1288.57
2017-01-29 21:00:00,622.79,5821.91,-3737.64,-1115.9,-3240.95,1649.79
2017-01-29 22:00:00,626.01,5237.94,-3888.08,-552.3,-3242.95,1819.38
2017-01-29 23:00:00,589.09,7784.94,-3514.03,-2164.7,-4018.94,1323.64
2017-01-30 00:00:00,590.84,8175.32,-3697.78,-1919.3,-4241.3,1092.22
2017-01-30 01:00:00,586.74,8653.85,-3725.82,-2476.2,-4147.27,1108.7
2017-01-30 02:00:00,593.07,8436.84,-3413.1,-2385.3,-4368.13,1136.62
2017-01-30 03:00:00,601.3,8551.38,-3242.4,-2228.7,-4698.43,1016.85
2017-01-30 04:00:00,577.54,8843.52,-3750.79,-2024.3,-4478.2,832.23
2017-01-30 05:00:00,494.68,8689.89,-3915.79,-1940.2,-4003.9,675.32
2017-01-30 06:00:00,505.61,8064.17,-2943.94,-2662.4,-3283.1,319.66
2017-01-30 07:00:00,492.56,7864.74,-2379.06,-3035.2,-3214.58,271.54
2017-01-30 08:00:00,542.7,7525.27,-2338.35,-2930.5,-3296.59,497.47
2017-01-30 09:00:00,597.34,7395.21,-3101.55,-2181.8,-3164.56,455.36
2017-01-30 10:00:00,593.86,7167.41,-3601.12,-1666.7,-3183.75,690.3
2017-01-30 11:00:00,589.04,6892.51,-3895.5,-719.8,-3439.43,573.18
2017-01-30 12:00:00,597.99,7398.54,-3957.23,-1247.9,-3311.77,520.37
2017-01-30 13:00:00,593.61,7896.64,-3837.77,-1769.6,-3411.17,528.29
2017-01-30 14:00:00,594.76,8360.91,-3681.69,-2056.7,-3613.11,395.83
2017-01-30 15:00:00,438.39,8714.55,-2777.58,-3016.3,-3712.5,353.44
2017-01-30 16:00:00,364.14,7553.12,-2439.47,-3218.0,-2776.68,516.89
2017-01-30 17:00:00,284.83,6926.6,-1621.9,-3089.7,-2769.05,269.22
2017-01-30 18:00:00,292.64,6719.25,-1458.61,-2940.4,-3001.73,388.85
2017-01-30 19:00:00,298.62,7877.1,-1586.33,-2983.9,-3762.08,156.59
2017-01-30 20:00:00,291.6,7047.58,-2669.48,-2167.0,-3148.74,646.04
2017-01-30 21:00:00,320.31,6725.92,-3280.94,-2208.3,-2953.18,1396.19
2017-01-30 22:00:00,287.45,5645.31,-2659.78,-1104.3,-3413.56,1244.88
2017-01-30 23:00:00,291.76,7051.59,-2547.28,-1262.2,-4506.35,972.48
2017-01-31 00:00:00,290.45,7268.18,-2592.3,-1112.9,-4401.83,548.4
2017-01-31 01:00:00,285.33,8110.17,-2544.24,-1715.8,-4559.66,424.2
2017-01-31 02:00:00,299.08,8470.42,-2677.01,-1985.6,-4432.18,325.29
2017-01-31 03:00:00,573.03,8262.39,-2496.28,-2084.3,-4368.99,114.15
2017-01-31 04:00:00,592.97,7930.87,-2775.28,-1686.7,-4355.48,293.62
2017-01-31 05:00:00,292.35,6781.3,-1536.17,-1980.4,-3521.6,-35.48
2017-01-31 06:00:00,592.41,5002.13,-582.02,-2148.1,-2683.37,-181.05
2017-01-31 07:00:00,598.76,5040.31,-340.08,-2493.2,-2593.44,-212.35
2017-01-31 08:00:00,591.13,5189.06,-72.41,-3097.1,-2410.9,-199.78
2017-01-31 09:00:00,592.81,5031.74,-110.87,-2687.2,-2417.24,-409.24
2017-01-31 10:00:00,595.61,4786.34,-250.71,-2410.1,-2402.12,-319.02
2017-01-31 11:00:00,591.0,3502.12,-780.19,-1080.7,-2204.11,-28.12
2017-01-31 12:00:00,671.52,3742.49,-986.99,-1318.6,-2153.26,44.84
2017-01-31 13:00:00,736.77,4644.29,-1030.21,-2236.5,-2159.54,45.19
2017-01-31 14:00:00,600.11,4963.23,-771.01,-2501.1,-2301.07,9.84
2017-01-31 15:00:00,594.71,4719.24,-163.82,-2846.0,-2381.32,77.19
2017-01-31 16:00:00,706.36,3957.2,128.69,-2729.9,-2254.53,192.18
2017-01-31 17:00:00,638.88,3795.45,-373.93,-2276.0,-1990.86,206.46
2017-01-31 18:00:00,599.51,3452.96,-403.73,-1903.7,-2156.91,411.87
2017-01-31 19:00:00,589.65,3452.07,-958.44,-1462.5,-2182.67,561.89
2017-01-31 20:00:00,592.88,5087.1,-1680.11,-2055.7,-2891.4,947.23
2017-01-31 21:00:00,595.62,5905.14,-2259.94,-1816.4,-3520.59,1096.17
2017-01-31 22:00:00,590.15,6165.33,-2518.73,-1846.7,-3665.7,1275.65
2017-01-31 23:00:00,586.33,6893.4,-2648.03,-2588.8,-3189.62,946.72
